{
  "closest_target_approach_by_episode": {
    "episode_000": {
      "closest_cube_position_base_m": [
        0.41403210163116455,
        0.1846616119146347,
        0.020999725908041
      ],
      "closest_distance_m": 0.3976125419139862,
      "closest_step": 99,
      "cube_to_target_base_m_at_closest_step": [
        0.06386512517929077,
        -0.1962859332561493,
        0.339836448431015
      ],
      "success": false,
      "success_source": "proprio_cube_to_target_norm",
      "target_position_base_m_at_closest_step": [
        0.4778972268104553,
        -0.011624321341514587,
        0.3608361780643463
      ]
    },
    "episode_001": {
      "closest_cube_position_base_m": [
        0.48182913661003113,
        -0.1600024253129959,
        0.3428368866443634
      ],
      "closest_distance_m": 0.005995376966893673,
      "closest_step": 82,
      "cube_to_target_base_m_at_closest_step": [
        -0.005589008331298828,
        -0.0004695802927017212,
        0.0021182596683502197
      ],
      "success": true,
      "success_source": "proprio_cube_to_target_norm",
      "target_position_base_m_at_closest_step": [
        0.4762401282787323,
        -0.16047200560569763,
        0.3449551463127136
      ]
    },
    "episode_002": {
      "closest_cube_position_base_m": [
        0.5460231304168701,
        -0.016784150153398514,
        0.477169007062912
      ],
      "closest_distance_m": 0.007517654914408922,
      "closest_step": 64,
      "cube_to_target_base_m_at_closest_step": [
        0.004451751708984375,
        0.006056685000658035,
        -0.00011667609214782715
      ],
      "success": true,
      "success_source": "proprio_cube_to_target_norm",
      "target_position_base_m_at_closest_step": [
        0.5504748821258545,
        -0.010727465152740479,
        0.47705233097076416
      ]
    }
  },
  "consecutive_success_steps": 1,
  "env_backend": "isaac",
  "episode_successes": {
    "episode_000": false,
    "episode_001": true,
    "episode_002": true
  },
  "mean_action_jerk": 0.2925671574970086,
  "mean_episode_length": 100.0,
  "mean_return": 27.37810746828715,
  "num_episodes": 3,
  "policy_name": "heuristic",
  "success_distance_metric": "euclidean_3d_cube_to_target_base_m",
  "success_distance_source": "norm(proprio[:, 30:33]) where proprio[:, 30:33] = target_pos_base - cube_pos_base",
  "success_rate": 0.6666666666666666,
  "success_source": "proprio_cube_to_target_norm",
  "success_threshold_m": 0.02,
  "target_debug_camera_name": "table_cam",
  "target_debug_image_shape": [
    720,
    1280
  ],
  "target_debug_pixel_by_episode": {
    "episode_000": [
      645,
      265
    ],
    "episode_001": [
      605,
      285
    ],
    "episode_002": [
      668,
      225
    ]
  },
  "target_debug_pixel_source": "debug_camera_projection",
  "target_debug_pixel_visible_by_episode": {
    "episode_000": true,
    "episode_001": true,
    "episode_002": true
  },
  "target_position_constant_by_episode": true,
  "target_positions_base_m_by_episode": {
    "episode_000": [
      0.4778972268104553,
      -0.011624321341514587,
      0.3608361780643463
    ],
    "episode_001": [
      0.4762401282787323,
      -0.16047200560569763,
      0.3449551463127136
    ],
    "episode_002": [
      0.5504748821258545,
      -0.010727465152740479,
      0.47705233097076416
    ]
  }
}
