{
  "closest_target_approach_by_episode": {
    "episode_000": {
      "closest_cube_position_base_m": [
        0.41341468691825867,
        0.18665391206741333,
        0.020999744534492493
      ],
      "closest_distance_m": 0.39869919419288635,
      "closest_step": 98,
      "cube_to_target_base_m_at_closest_step": [
        0.06448253989219666,
        -0.19827823340892792,
        0.3398364186286926
      ],
      "success": false,
      "success_source": "proprio_cube_to_target_norm",
      "target_position_base_m_at_closest_step": [
        0.4778972268104553,
        -0.011624321341514587,
        0.3608361780643463
      ]
    },
    "episode_001": {
      "closest_cube_position_base_m": [
        0.4818294048309326,
        -0.16000235080718994,
        0.34283727407455444
      ],
      "closest_distance_m": 0.005995495710521936,
      "closest_step": 82,
      "cube_to_target_base_m_at_closest_step": [
        -0.005589276552200317,
        -0.00046965479850769043,
        0.0021178722381591797
      ],
      "success": true,
      "success_source": "proprio_cube_to_target_norm",
      "target_position_base_m_at_closest_step": [
        0.4762401282787323,
        -0.16047200560569763,
        0.3449551463127136
      ]
    },
    "episode_002": {
      "closest_cube_position_base_m": [
        0.5459640026092529,
        -0.0168610792607069,
        0.47714799642562866
      ],
      "closest_distance_m": 0.007614355534315109,
      "closest_step": 64,
      "cube_to_target_base_m_at_closest_step": [
        0.0045108795166015625,
        0.006133614107966423,
        -9.566545486450195e-05
      ],
      "success": true,
      "success_source": "proprio_cube_to_target_norm",
      "target_position_base_m_at_closest_step": [
        0.5504748821258545,
        -0.010727465152740479,
        0.47705233097076416
      ]
    }
  },
  "consecutive_success_steps": 1,
  "env_backend": "isaac",
  "episode_successes": {
    "episode_000": false,
    "episode_001": true,
    "episode_002": true
  },
  "mean_action_jerk": 0.2925691430767377,
  "mean_episode_length": 100.0,
  "mean_return": 27.368399739265442,
  "num_episodes": 3,
  "policy_name": "heuristic",
  "success_distance_metric": "euclidean_3d_cube_to_target_base_m",
  "success_distance_source": "norm(proprio[:, 30:33]) where proprio[:, 30:33] = target_pos_base - cube_pos_base",
  "success_rate": 0.6666666666666666,
  "success_source": "proprio_cube_to_target_norm",
  "success_threshold_m": 0.02,
  "target_debug_camera_name": "table_cam",
  "target_debug_image_shape": [
    720,
    1280
  ],
  "target_debug_pixel_by_episode": {
    "episode_001": [
      605,
      285
    ]
  },
  "target_debug_pixel_source": "debug_camera_projection",
  "target_debug_pixel_visible_by_episode": {
    "episode_001": true
  },
  "target_position_constant_by_episode": true,
  "target_positions_base_m_by_episode": {
    "episode_000": [
      0.4778972268104553,
      -0.011624321341514587,
      0.3608361780643463
    ],
    "episode_001": [
      0.4762401282787323,
      -0.16047200560569763,
      0.3449551463127136
    ],
    "episode_002": [
      0.5504748821258545,
      -0.010727465152740479,
      0.47705233097076416
    ]
  }
}
